col_1,col_2,col_3,col_4,col_5,col_6,col_7,col_8,col_9,col_10
4151,8830,7129,223,5846,77,3584,1708,1600,9860
2149,5292,4405,4320,8513,4858,8171,4341,7419,1808
1577,4550,2002,7723,8951,3825,8433,1656,2839,5455
1313,2749,8172,4790,2531,5879,8420,3916,8283,6373
8022,8711,4806,8265,1384,8809,4365,2096,1454,2790
4360,6497,6886,8766,4063,236,1074,3701,8345,7864
7154,3191,5378,6210,301,4353,107,8934,4576,8036
3565,2290,6356,4734,4144,6,7497,2632,8773,8056
1120,9215,8025,6099,4756,5918,5498,4533,8389,1542
8639,323,9941,2344,4708,3448,8726,3864,3713,7033
5939,1585,1034,4480,5198,3614,344,5153,3906,7789
9,6522,5720,9523,6275,4246,116,5130,5435,7384
1000,7869,4255,2665,2359,3000,1922,3603,425,1534
9912,8976,6558,9482,1694,1421,86,1184,8857,2642
4136,500,1048,6060,7211,5901,4106,1896,1245,1835
8460,7314,6544,2661,7211,6829,1365,6964,5975,8673
3938,6302,6108,1305,4857,7826,3457,1727,2214,6447
6035,6984,6793,7443,9103,8085,1897,588,7631,2553
3282,4450,3990,5026,6087,6267,2707,9443,251,2650
2062,1740,150,8532,7133,8808,1171,3758,7045,301
8151,1150,4024,4025,8487,2473,650,1110,8801,7212
3503,7392,2358,1169,4744,1062,9128,5698,9016,6207
2940,9041,9072,6396,5587,3922,9739,4103,2017,748
4461,6221,9124,7911,4360,6147,164,4815,4393,4551
4775,924,2735,5737,5096,5109,719,2228,3275,8898
8321,7882,872,7682,6253,5008,7663,9187,6233,9653
9736,9517,9567,6794,7268,1396,1664,2466,78,2216
1964,7968,4909,3644,454,9707,1596,4623,465,1595
5261,9629,204,6754,5116,1320,6171,3957,773,8431
7169,929,8112,3185,3667,3454,8721,7551,4362,7040
3327,3721,6629,1868,2492,621,2456,4646,2367,1524
6499,3873,1598,791,4150,347,3747,3260,6078,7922
9947,6201,9827,1362,138,5264,4526,4221,3803,8836
1121,4702,8338,1094,7067,7824,464,7940,7193,8475
1351,6565,3833,5814,3247,5398,8561,2767,4013,9425
6128,9710,8909,5698,6703,8180,6880,6443,5662,6965
254,8729,3161,1062,1323,4749,3178,7557,9429,28
7676,8592,5174,1564,2494,2623,8512,7719,3511,4692
2926,7447,2574,2481,9687,4630,5584,2658,7607,2229
3968,1912,9444,6084,3043,3587,1046,2141,3407,1531
8928,7014,9939,5903,1288,2323,8305,4942,4030,6791
8186,2664,5380,7468,91,9482,7255,4223,3404,6146
5122,3711,8668,4955,2402,2188,8890,7206,3835,3439
4741,8323,1661,1078,2510,7911,8707,265,471,3313
7940,6309,8014,5121,9220,9262,7190,3354,4323,8907
2612,4664,8566,8051,5762,1470,846,1939,1552,585
85,7183,5202,5069,5430,4746,1774,8609,212,1605
6845,2243,6041,2224,6374,7058,556,4704,6583,7488
1420,3350,9235,8895,5588,342,3008,5298,9535,3718
314,920,207,2884,8245,5858,7173,6959,6458,6297
7593,259,2289,178,6072,5006,6905,657,8081,3618
1812,6642,9404,1907,5683,4714,2861,9756,5993,1268
1394,7187,1545,8749,4895,3134,7443,6312,7435,4201
4029,3015,3844,381,6715,608,8053,3509,2232,6420
5637,7983,6706,8995,4559,8750,5730,6110,8192,1815
1623,2732,519,7228,5764,9266,4700,3072,3969,841
8906,8355,2381,6823,825,7585,6696,1466,2405,964
2546,6946,6635,2136,991,2,6652,85,2387,1165
6900,8829,5272,7876,6795,4379,3643,2290,5351,5759
3069,210,3882,4160,7967,1207,9682,4779,3785,6906
970,8171,2489,8808,9864,7230,1619,4193,3223,9379
9367,3720,3614,7921,7485,9008,7329,537,236,1574
7881,6913,1103,5684,1906,2992,2380,1428,6126,8689
9396,3112,7441,4600,699,5919,5533,7343,2585,5849
7187,4091,799,4133,6604,2923,177,4609,7126,4066
7742,5958,7647,2212,2288,9664,8269,6211,6231,3339
4965,189,2546,3720,3640,1080,4138,1304,9237,8908
8217,6289,8675,30,7147,3743,6744,9318,9245,4561
2089,9145,7221,7582,3734,9627,5455,9353,4038,5848
2233,4582,5470,9781,1928,288,5741,4556,2208,4247
5259,1112,7909,5429,3775,6660,5407,7877,1242,6760
2331,8355,3688,8475,7124,438,5970,7880,7759,8675
2349,7693,3042,1017,8859,3417,3422,8337,6570,2417
972,8323,1721,724,7745,8665,3051,5797,6757,6210
7001,6509,55,1190,6165,8821,3550,9367,9108,3722
3855,797,7691,3354,9144,2038,8062,1333,3780,289
528,7665,1130,535,2345,8922,2240,1689,9942,6524
5365,438,1170,1522,1102,5292,5460,6725,5636,4089
6004,599,3,7920,1987,6318,810,3333,2073,102
7518,3154,5490,2965,9354,1354,3620,6417,4496,6625
7711,998,2893,3445,3195,3446,5668,8418,891,6206
7525,5287,218,6052,6097,6390,428,9010,1687,3604
1505,2545,1184,9646,8695,7052,3161,5911,1478,5346
6234,7555,9800,6300,3169,1519,5116,9905,1869,803
1465,3622,3992,6301,8367,266,5312,8970,7868,2603
9282,9075,7735,8442,5437,9938,8963,9667,3730,5469
485,4380,9032,4736,125,768,1880,7649,8448,591
9503,8742,5585,5091,1925,8452,9436,418,2798,1361
7717,5137,9798,7842,709,4944,3943,8923,7049,5015
9167,8402,8211,7909,4879,9780,3073,2201,4978,2276
3103,7774,6311,5321,5531,4091,5250,4851,759,7617
7417,8029,7353,1864,8698,6799,1412,7181,7071,4951
4468,5223,4600,9218,3543,7917,7026,4910,5286,2884
6863,5840,2094,3080,3610,4208,6285,8602,7419,1667
9063,6869,2539,5829,4165,4187,3175,7149,4341,5894
6330,9798,2158,1598,3563,6121,9415,9006,1238,9232
3098,3243,8007,4600,7773,4948,1875,7379,7867,4553
9971,9887,8817,2555,9279,4580,7329,7791,6189,6003
8398,9748,4813,2502,4412,6154,8250,6767,5032,7603
1011,8746,9230,1160,576,7046,5928,1714,2298,9006
1828,1501,7735,2561,3146,880,8138,7952,7443,3976
3404,3997,243,6291,7949,8130,8987,6441,7282,1180
4649,1230,8312,7890,260,5736,8240,7768,6571,8748
6804,8740,1738,8567,7160,1953,9486,378,6700,2600
454,3458,1008,5586,5332,2425,9985,7781,503,2874
3382,3220,4690,4649,4608,5739,8685,3203,2343,8064
1412,5513,4090,8490,687,9017,8548,5477,3989,5683
3967,9526,7252,9632,8246,3663,3285,1643,5579,9676
598,1081,8411,170,2284,4488,4615,2704,7821,6497
4975,3336,7309,6384,1666,3485,752,407,9604,1920
1139,1025,1887,3676,203,5030,6376,1457,6946,2810
9891,3554,9769,5906,228,8442,312,3322,7712,5050
5713,7585,3251,1569,7851,5810,2128,2120,6623,1456
6004,3426,5943,2193,2384,9940,1942,5818,6549,737
8019,1362,5394,6054,4887,923,4913,6969,4041,7822
8736,8843,8049,6375,6706,7649,9563,1441,6669,720
994,9507,2460,3002,5751,1991,317,691,6757,2779
8056,460,2999,8658,3397,4934,74,6296,8616,2924
2657,4535,5249,4259,7751,7438,569,1771,2073,5173
2644,6426,2436,9611,8071,7248,2505,1458,871,9869
2819,2968,6901,8257,7612,6125,3393,9759,5903,3065
1063,6271,311,8598,2694,7522,5774,8057,3734,330
3083,1462,4204,5541,688,2269,6559,8790,5775,7491
9283,1551,9820,5795,6389,7494,3211,4690,3858,9170
5464,1563,2655,8049,7225,7054,446,8983,520,2814
3616,3974,5309,3845,3850,1289,4015,6288,7015,6451
6146,7989,3141,5362,7512,927,5457,1774,9258,6102
3354,4107,3870,9553,5406,4114,8299,8860,5889,4253
3553,8695,6516,7537,9741,6451,1780,8754,6803,6793
2680,7229,1632,7250,9363,5322,5844,2581,5479,8698
8875,7164,1083,5574,7845,6059,7211,2490,1190,7262
3410,8861,6851,9416,1217,1614,7884,691,6517,4874
2433,1907,1383,5431,5877,5873,6558,7044,2385,4234
5807,1072,3138,1528,8423,2070,5098,1123,7654,9428
2899,7382,6604,1463,639,6460,8768,4814,3182,6221
2495,3421,3549,6844,7031,6662,8202,8857,2693,6093
100,8406,5241,2960,5678,4089,2569,5666,1231,8821
5121,9577,9342,4179,4088,975,8290,6951,3190,2519
6989,1246,1532,7695,938,3068,4157,7859,1920,1129
3191,1745,2006,7728,1998,1979,5428,9752,3027,7124
8022,1014,8854,9299,8493,7934,3994,5923,6838,4489
1357,4860,3457,6392,7091,459,5238,7583,7835,6996
8423,4456,7917,1941,4837,1701,3391,9412,5618,5926
2304,8104,7859,8256,3789,4409,9738,4439,2712,9790
4110,120,5666,2064,5183,7845,3895,1318,2396,3732
1759,668,3907,5281,3021,2375,6708,2249,2428,2714
3630,9329,6165,1072,257,4103,9930,7640,9273,7213
671,8862,9739,1716,2899,2157,6704,9074,1361,1247
1769,22,2821,2157,5449,1682,9700,6526,6482,8809
9697,1678,9886,881,6937,1865,1325,8470,9566,132
3951,8249,5886,7166,8581,9560,5514,1966,6075,9053
4525,7842,2584,4286,8121,3207,2171,9484,2234,3274
4653,7672,8869,6069,3404,5913,2818,6076,167,5423
4678,2351,84,4126,1540,9098,4214,6249,3502,8337
2653,1384,7451,1356,7646,6422,9216,6105,6023,6655
8244,8324,2198,2419,2140,5229,5503,4604,4390,8103
2478,4126,9954,3716,4585,941,8700,838,9534,5459
3906,6363,1501,159,6278,21,5987,7924,6791,1414
1818,8292,7883,5073,6803,6182,9198,9768,6077,9151
8726,7399,6704,7606,7597,3457,5430,2897,6278,1922
7656,7330,4251,3609,6926,7069,6308,2559,5625,5386
3850,2780,7647,3426,5667,2027,9134,5032,1669,7088
4437,2951,8923,7299,5669,9934,9639,7405,6856,6071
5122,2408,183,8278,8683,6946,3362,4337,1222,3526
7180,5984,2226,6859,3178,4323,8751,7843,2918,4805
2718,3802,7255,3813,5562,512,4468,3483,2242,4861
1483,4778,6096,4964,5596,8953,8492,6056,3757,2342
1086,2257,2592,7615,938,3151,3354,5628,4426,5126
6861,4834,4253,9924,6585,5094,4016,22,7037,3792
5344,3097,7987,602,4126,8648,1201,2482,2708,79
9562,5210,5664,1344,6154,1555,1593,6474,4658,3897
9748,3790,5329,3493,5405,7720,6200,2241,5344,1248
3575,4437,3099,7895,2585,5512,233,636,9201,966
5410,7760,9317,28,3715,7252,4586,1554,4591,4197
869,7657,1821,5064,5025,6252,9919,7509,3820,1319
8835,7751,8570,1941,910,1082,2673,4567,697,130
129,7236,7278,184,4981,8538,3562,3191,2196,4697
5210,559,7097,8425,3451,6629,7838,1918,6201,608
9333,7595,5708,9552,6674,4255,4668,3963,8216,743
6509,7549,8414,7113,8842,7349,8166,7239,8802,4557
7860,8639,9275,3781,1368,5090,8075,8720,7659,5384
9215,7923,4867,4611,1128,2607,911,1578,644,4735
6654,8706,4573,6388,4633,4052,748,5582,9490,1488
6338,8954,1160,5733,1582,7940,5553,5037,9427,2329
668,9435,135,328,3872,1958,7156,6587,6576,2562
3489,2409,1614,5073,5368,3135,4299,2663,4097,915
5270,2851,3529,7131,6758,7955,64,120,4112,1282
2597,628,3197,2510,390,4110,5461,338,5481,242
9224,852,973,1180,545,9171,8397,9831,5995,9049
7477,4179,8117,1332,5320,5443,3994,2318,7937,3024
3342,394,8233,9975,4130,6400,4676,2870,9168,6741
1684,2255,1461,8613,35,5581,8386,9074,2643,3276
7525,1338,9322,9878,5619,4922,1726,1259,8593,1672
2487,8,1660,4144,951,3810,514,2473,3912,6559
9757,6576,7057,4955,7754,9,3787,6124,2036,7996
8261,8501,1384,8627,6559,8565,5775,2213,1857,2703
4956,7763,4066,5300,7270,8451,648,7632,3495,741
2791,8681,8589,3433,4240,1340,5640,4495,544,3996
1947,5046,6328,3943,3338,8253,3201,3563,7645,7386
5049,396,1852,6172,3648,2302,2909,7750,644,9117
652,1061,9933,8532,7180,1619,9526,8873,5430,3472
697,4049,9669,3156,9070,1279,459,6819,5179,5569
6092,5993,638,4259,5792,1927,4029,1169,9297,5421
3927,625,3969,7166,7151,8303,1811,7110,1707,9043
9794,4866,2044,1060,8514,9079,7543,1599,8595,4197
43,8580,7947,6031,192,7392,2176,3529,9251,533
3286,2610,939,6833,7443,1216,9848,4876,1855,817
2965,3127,6367,7252,4923,4628,8831,5734,5052,8067
1519,4644,4655,2425,4329,9295,1289,1205,7157,7394
7222,4367,5660,4819,6474,4218,4688,2400,1572,1678
6037,1570,3145,7239,553,9899,9405,6287,5968,3087
8169,6484,9538,9,5660,7806,8217,4033,9271,2982
1276,7597,4589,8333,8388,6849,3360,5589,7727,4433
334,657,4515,1139,6137,1987,1852,5052,2043,6763
998,2071,6542,5851,9488,4840,4177,1926,4963,137
1930,2857,7285,4947,990,1108,5435,2045,3319,6907
9308,6934,2063,2111,3841,7304,6361,1115,3854,8192
5216,4538,6275,2284,7747,7229,4982,7963,384,6150
4660,5126,1388,700,5816,2690,3252,8990,582,3299
9970,152,7284,4840,8167,1759,4611,5626,2260,1444
1198,1735,1315,9016,6776,5691,8592,5461,5362,7811
5141,9638,2354,1494,3614,5557,6596,564,6447,7424
9300,3087,647,2877,2686,9294,7634,9335,3288,697
4237,877,1811,5581,3647,8610,7871,6174,4899,6033
5600,2188,3337,1243,6470,4103,9968,6039,7670,6049
6660,6551,434,3491,3243,6335,1150,1826,5895,6592
8095,7757,4027,8760,1513,3646,2892,8415,4783,8038
2729,9027,9239,8514,1334,9709,8986,8578,5626,4617
6128,1675,5173,5925,3096,544,5022,8176,1480,6592
1973,9980,8718,1477,3136,3874,4235,8873,3941,8252
8357,4858,6232,4034,7114,742,6924,2451,2002,1017
2927,910,9794,6854,5010,5509,3598,5790,2593,4993
3246,8004,3622,5878,4318,3045,8360,1662,5178,3924
3576,3309,6385,9963,6300,6706,952,524,8725,7661
5509,8646,3174,5455,6375,4556,9203,7947,371,5766
8100,967,947,4081,5621,1521,1634,7919,855,2335
5847,5718,2659,2412,1616,2017,9575,4992,3343,9117
8643,2192,5557,534,5078,6582,4778,6316,9893,9876
8745,4345,7410,2560,7907,1821,2077,8008,6192,2882
1361,3407,4016,9488,959,1086,2079,6480,8710,6673
5447,558,9201,1573,794,2893,9870,1781,4924,1835
3146,92,1471,5343,5692,5567,6591,614,5502,2002
1831,9724,8206,9771,1026,98,8034,3731,7559,8335
7513,7675,847,4352,8547,4334,1859,2947,7658,3873
2858,8192,7396,8116,4813,910,3847,4216,5103,5631
7740,5560,8911,6953,8455,7694,3907,2288,2338,6099
1874,3253,9896,6094,4496,7267,7827,4412,7920,5525
3106,5776,1102,9196,6881,4346,7884,988,4121,5061
4727,6983,2213,7676,6689,3763,6277,5425,5905,9181
2939,6325,1213,9612,7282,4947,376,6387,2663,1107
6200,958,5220,8955,2195,5987,2547,5918,685,4403
9951,4518,8878,3438,4097,8004,6363,3507,447,9492
8892,2659,7931,6159,182,831,9837,4463,827,5115
7729,2423,1360,8277,6387,5276,9857,1844,9839,1903
2455,5284,6631,4630,4022,9138,5291,4525,7012,1495
4762,5256,8001,2938,272,2691,5638,7021,2906,8761
3936,6774,2064,8964,7612,5784,1495,3969,9727,3359
8774,3160,7838,4732,4499,2648,6974,1746,7121,7628
3433,8422,229,9025,4701,6660,44,8390,6775,1705
2721,2269,999,5370,4298,5426,5172,3192,5914,1837
8670,1099,5731,1320,4402,3774,541,141,1508,5669
6215,9521,5734,2564,5138,4317,105,9806,7013,579
2078,4900,6266,5192,3750,6255,9163,5271,9453,4607
7112,1703,8713,1523,1240,29,7413,2057,9883,6750
9418,7013,5271,1406,304,7001,4570,633,2994,3370
9842,9332,2577,8924,4519,1658,4504,8660,8919,6149
5824,7430,1141,1064,2364,4992,7059,1062,9643,547
566,1790,9719,1364,8004,9497,3484,2148,4600,9913
6556,8652,5449,7226,4636,825,7219,818,4143,7091
2631,2894,8996,5954,9381,871,1481,6294,528,3679
2799,5211,4589,8822,218,7634,2118,4057,1167,4057
6829,7994,3675,5467,145,1718,7963,4764,7776,2376
8488,6005,916,2035,3833,8171,3192,9231,3325,5401
4393,4880,5086,4257,7307,724,3781,2269,6385,9303
5849,4702,180,1164,5790,8201,6138,9185,6422,4580
8314,6756,2529,2356,6561,7668,874,326,8567,2482
8884,5573,726,5165,9807,6027,169,4194,9853,1296
7072,8001,6646,7124,7974,1387,3998,6881,4291,7150
7722,1258,2734,5530,5838,2601,1116,5267,1644,3519
3339,6289,479,2852,9427,2396,5088,9934,3045,7174
577,7188,1375,7474,1379,5133,1550,3555,7283,5065
2920,9764,1616,2955,3861,8289,3655,9937,3070,4890
2798,1207,1380,5405,1534,3447,2584,4234,1267,5137
9189,1841,7277,2620,3859,2495,8276,7614,9492,4603
3835,3500,5298,1632,9922,6949,8580,1564,9546,9972
2291,7429,3048,3100,9379,5653,5656,7044,964,3376
2602,1957,2488,4864,1022,3653,4576,577,4727,7780
6319,3882,3036,5506,5040,6063,4314,8979,3656,9494
2279,486,9077,681,8600,3334,4151,9980,5647,4431
6907,3628,6467,4706,3405,2312,6973,1235,7267,8157
5586,2689,9011,6296,2854,1220,9203,9092,1203,8412
2716,5040,1932,5399,4608,3518,3560,9755,7290,9218
2937,776,7228,644,3174,6875,6128,2052,1503,8679
5645,9576,7677,2724,4554,5367,8842,2718,9783,1293
2746,4612,8149,8710,9914,1814,5088,1227,486,6116
4519,2886,1762,4430,3574,4749,9412,5400,1306,1795
2351,5403,1479,2627,4384,7547,3650,6238,1225,4269
7985,7138,6804,6515,6227,2119,7211,6766,4584,7030
2211,9976,8006,4042,2340,5576,7469,3471,4146,7892
4469,4413,9570,1378,721,2158,3941,2200,1324,9105
5207,6169,8053,8856,5871,4989,7271,7687,8985,8883
7951,3048,7839,1098,1449,7324,9017,6040,257,7922
2826,9495,9587,5209,6304,260,4997,9527,5815,7605
7911,575,6258,4784,1652,6869,8646,1761,4173,7020
6103,9165,1025,4935,2539,7621,3599,3153,3399,6448
3548,2737,2403,5246,4758,9819,7058,2384,9926,2789
6605,4984,9483,8435,2457,2907,8208,4007,5601,8881
6790,8878,854,4532,6439,8224,1509,714,4047,4245
1333,9436,4098,368,669,4550,5296,8106,4806,6645
2529,1930,5696,6227,7444,631,9787,8371,8854,3428
2289,8916,6235,4622,4088,5840,1508,2226,3417,3902
4222,4439,9258,4403,942,6812,9828,4547,9191,7384
199,7844,5692,4117,145,2832,3009,8990,6505,4508
182,353,5960,1183,8849,6570,7372,7364,3937,3796
5851,3915,2808,5249,9824,2634,4957,5466,490,504
5529,8157,9554,5703,6823,9459,8546,5267,6656,7456
9130,7471,7229,7401,9349,2588,8187,2012,8790,3229
5386,4479,5260,3115,1815,7383,3425,279,3173,8864
9060,2157,7497,4577,6401,6851,5766,2007,5490,1952
4909,3317,5331,8811,1032,8082,8136,2631,144,5979
8979,6531,4337,3012,3019,9290,3906,6899,9400,1286
1072,3136,4713,6901,4196,7339,6850,1861,2802,7798
1290,531,5462,9971,8008,3172,4721,5263,1519,5184
1772,6145,1825,6939,6834,1344,8462,5006,7088,1297
6783,1948,2226,1136,1747,6990,2802,154,4087,1461
5754,8113,6956,2082,9016,3805,2798,3244,2260,7154
1433,9840,4292,6133,6775,331,229,5586,1134,3887
5424,2038,3174,733,3491,3460,788,6668,3023,5956
1704,3545,9165,8504,707,3641,3750,2738,5880,1364
8814,9006,7716,9624,4514,4808,4537,6552,9717,7399
7850,7947,4281,7517,7787,244,5275,6816,2240,5247
5776,6590,3167,7318,2959,4722,9642,5357,1659,7737
7463,7860,5434,6089,8383,5625,8591,4378,220,4280
4430,5578,4471,5940,6520,568,7847,1654,2798,5238
8353,4610,9161,5225,9791,7918,6186,1412,5722,3894
2151,841,8376,8717,596,7189,3344,1731,7509,6635
7828,6799,6470,7383,3595,5482,5179,9867,2463,4065
2327,4412,7761,4109,6979,4032,6966,2349,5377,1877
4755,195,5736,5021,1154,5178,4188,1427,8805,8785
1468,4191,8885,6065,7044,1775,3156,5892,7970,9545
1776,287,3292,7788,1663,8592,274,2191,6308,7622
1628,3788,4457,4003,235,3087,8854,943,6907,3738
1485,6225,8904,8419,9559,8613,2135,511,3250,3926
2389,9551,9559,402,2272,2236,8629,3455,3833,9980
3998,4327,1322,3689,1302,2261,3853,1175,6938,6179
5969,5802,2394,428,596,9802,7630,9242,2664,541
9103,5709,9778,4195,3049,9603,2605,5009,4404,594
5392,6395,6467,3907,5301,3303,4853,6416,5990,5574
925,673,7503,9119,9820,6,9919,8062,7304,4655
3735,7871,2024,2398,3099,885,6775,5101,4986,7554
583,1595,4740,2595,1146,5057,5904,3488,7105,8187
4254,4189,7817,9458,105,131,9223,6407,683,5685
3358,7452,584,7938,2951,628,8928,3280,5417,5812
3216,3430,1731,8900,2157,6227,6681,2125,8698,1400
2951,6144,2007,1878,3282,4835,1936,8676,7494,2887
8431,1201,2541,2416,4859,4422,9543,4536,6569,9516
9340,6810,9053,7504,3120,2757,4835,719,9429,65
7774,3857,3670,4843,5292,5169,2009,6035,3191,1782
5623,6830,5501,7867,2394,1418,4796,9901,9912,3045
4375,2146,7605,4815,7322,6911,974,5199,2308,6864
6876,5498,2324,3513,7116,8515,4200,5679,9321,78
3078,4566,8699,8284,4058,1333,8310,1584,828,3886
9969,2222,4860,5634,3895,2754,3107,4896,927,567
7935,7600,2238,9059,1214,8627,2334,4996,1997,6928
6951,3832,9312,2102,8686,2697,8758,5291,1444,1604
6416,6551,9884,6309,8960,9440,392,1180,2147,9108
6797,2997,2679,900,7646,7744,5766,642,1058,5138
3109,6023,7837,2241,5201,1957,7482,4308,5455,1071
5390,4955,6002,3475,859,3454,5958,5464,5656,8486
5912,2089,5642,7192,2376,1105,9125,7515,4159,7849
4358,4405,277,2101,276,7229,9200,9601,8588,6907
4750,7993,8714,5255,3203,1582,4898,1591,3795,165
1961,2900,7000,6340,7787,3377,6319,8230,9727,6646
8703,1243,5528,7104,6826,1270,4210,5253,5321,5404
4359,3676,7576,5763,9577,6295,6862,4758,5449,4587
3574,8905,4602,9794,2208,6680,525,138,5595,2345
8331,4494,5157,8216,6182,6750,5358,6649,3305,76
46,2820,9211,3106,9065,9219,4749,7790,5796,838
9573,287,3223,2042,5554,868,763,6491,5061,3499
5373,9188,6136,4923,5380,3055,4197,1112,8744,6124
6686,7405,522,9043,5003,6317,3399,4091,2541,6224
3261,1378,8656,1150,9072,7424,7607,3727,4098,1994
1014,2744,1952,8304,3524,3996,669,1008,9396,9225
3608,5453,3378,5051,1263,1537,1160,2281,6447,2080
9853,6571,9559,9829,6670,7341,3386,516,1346,7936
9693,4461,772,1144,511,9237,5015,5826,9760,3893
9169,5392,7394,5278,359,2135,3235,2309,4542,7090
8668,1775,6773,4323,3078,260,4723,6304,7542,3847
9571,8785,5326,7425,8916,8799,2720,1966,9253,7338
7316,1295,8963,7627,2834,3313,3921,5121,3700,1035
7469,1671,433,5185,2369,1743,2857,8758,1188,5082
666,4878,7274,4563,8622,7863,8241,7685,6577,3803
2630,345,8794,3795,3772,8584,9323,4563,4262,2233
7139,1019,2258,1489,8697,1697,226,1643,3357,7813
3389,5170,4644,9502,4753,9336,9695,8738,6903,132
1487,489,9502,4149,4158,8602,3820,6418,3052,8741
8637,9003,1852,9288,1173,9555,1600,3187,655,5921
3428,4871,7136,8112,2639,7116,92,5603,5476,5003
7846,2265,1587,6036,5547,9316,5841,8741,1395,8005
861,7179,7312,2763,3488,8883,1460,631,4777,1587
6065,1493,4598,1579,3350,3046,7754,5528,4955,2378
6458,5575,9448,6165,7368,8877,4656,5394,5784,642
9436,6296,6603,985,2515,6749,7262,9762,6219,7708
8959,3101,17,4261,8339,2314,8074,5131,715,6247
4092,3268,9206,4778,1675,3319,8112,5839,9692,6672
1484,4186,3069,4047,5379,1394,651,6052,3392,3597
9695,3534,210,9787,3673,7265,9984,2078,7445,8331
9670,1231,8892,2707,4315,5870,8113,7641,3483,7117
379,6082,117,4697,3245,2997,2148,469,6006,8336
9594,23,3654,1897,9740,990,8779,8122,7844,2837
2981,3957,3571,2651,2500,2830,3166,8886,4608,1289
6282,7698,6335,5043,5088,4502,1982,8563,4880,9725
6418,6393,9589,8838,65,1629,3606,946,3534,8259
8454,3618,8373,8990,7237,5485,8065,7354,316,5426
1766,8453,567,9802,274,9356,817,5635,8923,185
7287,4483,7133,8470,4983,5050,2687,6612,4651,1287
8053,5852,3500,1106,2078,251,466,6860,5388,8115
9242,7817,9002,9964,3427,3364,5022,4369,6541,9820
8005,7904,7771,5748,6826,8981,959,7051,6070,7473
8483,9917,8907,516,4405,3552,163,6215,9828,5768
9766,9939,5999,2041,7102,230,1132,1566,2543,7285
9618,8829,6213,6153,7303,2656,9391,6208,1564,2835
6093,4762,2385,7020,6869,8859,6934,9182,4355,3618
7944,4913,5465,4604,3538,2512,5820,6047,4011,7131
1409,2462,4124,699,3973,4855,6780,158,1218,9348
4182,6866,2644,3727,620,97,8786,2776,2855,5676
6885,6984,5259,1354,9408,3988,88,4753,6686,2186
806,8556,1704,6668,9074,9344,8386,9225,9214,2490
8527,4784,214,882,240,3906,1556,5742,7286,847
50,7480,7339,4981,7379,745,5638,8462,8926,7711
5358,7139,4923,193,1791,6435,6077,1645,7718,6240
963,5852,3268,6346,839,8717,5485,939,839,6534
5125,5837,4694,8450,3272,2682,6356,2061,5137,3719
5214,1245,6284,8310,1038,2148,4207,691,4644,4252
9,9205,1876,2613,1647,9832,4366,4697,7530,5962
1266,8755,7904,1379,6768,1268,1501,3815,9307,2740
4146,4670,2514,6282,5888,8215,5975,2751,6659,145
4860,8935,875,7278,8434,5933,9561,6162,4347,8311
4426,7203,6737,8452,3614,7847,5811,6074,9518,2558
2614,2139,399,2231,9599,7948,4590,1452,8431,7171
9838,8204,9219,244,3792,7786,8595,7647,9806,6470
9706,8578,722,4848,1016,631,5997,2886,9240,1849
6702,9691,9399,6080,80,7907,4763,6726,9981,6258
2955,6138,3066,2014,4816,7881,9208,1736,9208,3323
2411,9419,5652,334,9145,1847,1358,3850,2969,7439
1373,2144,2637,1625,3418,7231,1638,4945,7751,946
6887,1136,7294,2390,8134,9579,7012,9122,5852,8491
4297,5808,5570,7620,9279,7438,4564,1809,6075,1084
1827,3408,4945,7545,2784,1647,4587,7628,4291,8457
7925,6653,4906,8790,6470,8620,2827,6791,7551,9625
6119,833,6985,5359,1258,9770,9467,2481,2563,3389
9365,2327,9436,2638,5027,9100,5737,6565,4733,9816
5675,4620,1992,1105,4750,4697,8751,4036,7523,5715
4641,6631,249,4965,8880,2487,3860,3003,7020,4673
3322,3540,6450,8116,1872,9045,7663,580,1937,9200
3711,3898,7506,2007,7584,3063,3615,3990,9346,4820
1272,309,1632,9560,1321,5154,5069,1876,6559,816
7992,1624,9287,2300,9422,4305,3168,1294,1798,2352
4896,2529,2196,1856,3127,8840,3441,8682,4560,632
8610,4132,2389,3145,321,1147,106,8337,1170,3318
9431,7219,2729,9719,4049,6572,705,2674,5224,6976
8256,3556,4765,1906,4246,6776,5526,6225,8187,4544
1252,947,1382,2120,993,8140,3916,9274,8069,1421
9176,4755,9580,5664,8107,561,1165,1917,1385,9202
4417,4777,8342,2772,3806,2190,5382,2887,2312,6545
9940,580,5554,1846,2463,2753,4493,3494,1608,4893
1079,7243,9334,1177,8302,8976,7104,178,5117,9438
3231,5536,3591,1166,7748,3186,8737,5790,4940,1451
3113,1873,1023,1396,2924,9524,6988,5743,2262,4855
1050,2996,3018,6651,1449,1716,8905,3178,8964,7856
8224,8841,1571,6827,8277,6252,3337,720,9377,4712
6807,2427,7388,6655,1217,6932,5982,1491,859,4244
9692,9605,8918,7971,6300,1378,1502,7281,6633,83
7980,2706,9415,6691,7906,6284,7981,1668,4404,8751
492,9236,3028,3361,5152,10,3091,2213,8720,5282
7724,3578,1028,2098,816,2242,1605,9027,1994,2836
7230,1573,9867,7892,801,6932,2721,9337,2603,737
2343,224,4844,7144,2951,9234,4443,2817,208,8059
8090,2154,7358,7055,6881,3715,3427,9781,3932,185
3822,9303,6801,9867,7850,5626,1990,3026,1987,417
9254,1529,9421,8356,9802,2210,8620,7167,8761,5918
4904,1158,2669,4791,5147,2230,4824,2143,8699,8640
71,8097,5560,3481,7669,9883,5507,9769,4313,7882
537,1713,228,689,6069,9196,766,9801,3924,6105
5665,4242,1599,7628,1064,6088,9588,6568,5850,5548
1359,6179,8063,4774,1000,2778,4348,4360,486,2177
5412,6105,6398,2692,6675,7055,4534,4021,1874,1306
3484,5541,9218,9083,336,3204,6297,3787,9142,6951
6247,9298,3658,8466,8931,9090,9324,7238,3876,8523
9717,6311,5727,9085,117,4317,2775,6274,9674,3938
8187,8088,2702,1204,8137,4873,8510,4192,268,1565
4016,1338,8802,8506,8134,3029,7095,1364,1349,7507
5466,9740,4056,9916,7073,1221,3076,3141,9788,9056
7358,5654,261,3608,7970,7176,3061,913,8187,5996
7815,4024,901,3782,1938,6002,2264,6596,7868,5810
5126,6156,9545,517,1659,8023,9343,7847,714,900
4875,6190,9396,7380,9018,4074,8992,3843,2460,9421
1409,5477,9929,3543,8165,6647,2794,3076,8691,9751
3630,2919,5581,1275,328,5593,8472,3507,1219,4053
479,2411,6754,8792,8035,6013,171,7478,9282,74
3355,9151,8331,9865,7372,5038,5368,4701,1841,8197
601,849,805,7101,8371,3564,2642,5993,7936,3305
2797,4345,9649,6542,3241,9423,4853,8044,4039,3969
4886,8687,5645,7972,6567,3527,1138,4051,2723,4428
3707,2816,1078,7407,6839,7962,1720,25,378,9353
5028,2786,2421,8356,7794,7831,4262,3811,7483,482
1846,5079,4140,2361,3046,7400,898,6038,6303,3290
5233,7890,9364,9917,3279,7047,6851,1653,6574,582
2246,3484,5770,9177,162,3928,6334,9090,6874,6864
4949,122,2975,3175,5698,5474,9692,3004,4453,8719
930,8149,6170,2823,981,1633,9649,2152,6402,3754
1058,9394,4278,1846,6589,9723,5163,6152,390,4200
567,1283,1815,9380,9712,1296,6828,3385,6704,3887
6,9889,3013,6611,6097,4870,5960,2905,999,5367
6276,8300,5626,3843,6461,408,3687,2527,1580,6552
7482,7286,5124,169,1689,3600,9201,545,3686,7707
4276,2052,8226,8520,9720,9588,9473,7104,2140,4585
9539,3474,7358,7011,6868,267,1808,4102,9336,6516
6930,5455,4594,5931,2676,5672,1412,5962,6441,3678
2015,2462,5530,4765,5631,6752,7315,464,7295,8886
3809,331,2443,4181,723,8999,5608,4848,2098,8419
4290,8471,187,9152,327,9914,7298,7476,6278,9240
2155,7072,2650,1161,4232,6269,9316,8224,6659,2868
9425,8718,178,2658,882,1512,6152,7805,4030,170
3952,6942,3771,24,2152,3190,4412,2632,789,5507
7743,4516,1766,5199,2612,9308,9915,8536,7847,6543
7169,5128,8385,6756,3577,890,887,2584,3250,243
2141,7794,9572,6130,5202,9918,6046,8394,283,4639
6403,4373,3138,9419,4196,9,5981,2091,7493,6706
6572,6774,9916,4085,9212,5940,3728,7791,4600,5778
3498,6543,7478,9746,6919,4949,5192,708,2119,1536
4217,9413,3885,9854,2189,4419,8058,5758,8667,262
9107,6422,9258,3725,4295,2755,5768,4890,1520,8190
9341,6438,2256,6692,6489,2952,6582,3829,3967,5467
1482,372,5796,6050,8358,6646,9021,7022,489,9076
9796,2033,5860,7555,9064,8899,8269,243,9735,8532
5796,491,29,9980,9856,2222,4974,2942,5693,4526
982,3356,2188,3550,9562,221,2337,1100,7180,2645
9403,7115,6551,2914,9519,4580,5284,3228,9396,2726
5214,4307,9456,6599,1469,2007,3191,5260,7946,9908
7273,6898,8258,3143,2437,9465,3972,8211,1164,2787
2360,8714,9177,9041,7458,8221,8189,841,3328,4590
3917,1230,2828,9744,473,6067,2022,1081,7407,5972
9958,1698,2585,9204,7841,926,1203,1050,1871,1939
9717,859,2139,1113,359,7128,2226,2733,1005,5064
6410,5282,6733,3930,5053,5193,3956,6789,2255,777
3777,2702,5279,8541,8797,1337,4635,2443,2906,9477
7335,6226,5606,6012,3203,3060,1525,2215,4789,7237
3646,8456,7555,2927,833,8245,9818,3955,5134,9271
6697,8698,9895,4898,108,5418,5787,4805,2873,7777
7760,6834,5875,656,9551,392,82,5604,8792,9497
7650,1594,1336,247,3327,7164,2823,4913,1690,546
9729,8021,2206,3724,6043,1125,1188,2671,7189,1665
928,7412,6281,4217,7861,3171,8020,1278,1356,8832
5658,8664,7739,6935,3168,9518,5680,2339,6836,6916
1801,938,5914,7416,8946,6031,882,3219,8145,2119
4367,2061,104,4423,6207,5473,3335,1428,7874,8455
5757,6470,6820,6111,4764,5538,9506,5091,9892,1922
1746,3569,564,7814,5104,8242,8538,4785,2173,3758
8550,7925,5845,4402,5948,7869,6199,1069,5116,5728
5843,5496,3347,5991,7523,2505,6529,5715,6496,7240
7746,6323,6513,3718,9616,1173,1314,9714,2630,9053
1257,3425,7183,5933,3478,5226,6736,6520,8050,9488
7315,5576,5257,1025,8572,9988,8683,3245,2972,2770
7179,5102,3595,6148,6695,4475,3294,8607,4476,5487
6467,6665,7128,7792,8216,7812,4174,7051,74,2066
1587,8790,2599,1104,4250,9694,4825,6328,339,1931
3632,8255,6491,6849,3981,4993,5894,2215,345,815
1624,8480,528,5228,7712,8094,2836,2926,2459,6576
3440,7358,7183,8745,6766,8672,8277,3430,5085,6541
6670,8269,9765,2754,7125,4203,3877,3957,5999,825
8872,2558,2647,1511,4114,2299,8965,669,8537,9681
1232,8395,7978,6041,1556,6414,7036,5731,2539,4690
4683,341,4268,3139,4245,3764,5021,5871,5952,2833
2331,7446,3853,2294,300,9816,5972,9898,5350,4995
1935,5009,3247,4680,3128,3284,1480,250,7131,5308
3060,8858,1559,3881,7193,8831,4464,6235,9962,3380
5115,2081,9934,5816,5236,3227,1364,9598,9389,6067
23,2529,5224,2376,3357,8688,3273,5485,5539,4464
1385,7106,2847,7436,3378,8724,8868,3935,4807,2027
6907,2036,3394,498,3896,4216,7546,1079,110,9896
9261,8916,7123,7466,4252,1358,5555,9027,505,8686
8406,2037,1668,6421,1661,8292,2759,3729,8859,7278
334,1716,992,2490,6688,7054,7183,4674,1571,1891
2252,8311,482,9162,424,9262,809,3540,9470,2348
4225,6090,6665,526,5427,4596,7482,8304,9332,6092
3949,6853,5649,2476,4077,88,2102,8351,4210,8816
3897,1879,7988,8787,7839,962,6088,4420,9722,4169
5712,1601,1257,1067,7166,3847,3127,218,2008,8418
867,3497,7587,7329,9040,8096,3755,1830,4589,3150
9674,5888,7195,3040,5069,6196,5328,9451,2149,9042
1983,9613,8310,8084,8561,8752,6761,4925,9596,3845
6272,1061,6095,8023,3952,3346,258,4724,6272,3638
1294,1773,9587,9862,2406,419,782,7717,322,9269
1418,3024,9785,8931,9873,9618,4538,4032,6979,5145
8707,1332,564,8741,5217,2809,4289,3440,245,9911
78,9519,9574,5093,1065,2013,9558,8688,1117,6757
5439,2772,3918,1074,127,7134,2074,5357,9305,2031
9757,4311,5863,3648,1492,1308,2350,2138,1718,8610
3492,7942,743,1280,7197,992,8975,2505,9707,2208
9120,942,1816,7674,5655,6330,3974,3924,9676,288
6441,9893,6435,9883,4878,4692,4277,3306,7259,9749
7174,8302,5523,5935,9588,1155,8400,2669,663,1727
5508,1351,1475,4202,3657,3147,5673,3922,4812,4917
3457,8591,5913,8184,9043,9557,6031,640,5459,1135
9791,4699,8867,2149,1282,7961,2601,8913,5526,3844
5053,6026,5927,9594,6400,1746,2896,4057,2257,7472
2501,4894,8464,1575,9525,95,9288,5714,7411,6112
7727,1388,144,7715,289,3832,4567,9238,4024,2116
6514,2688,7982,4655,8378,4568,585,1335,6575,6047
8455,2889,3263,1386,2160,8283,311,3675,2867,576
7246,6348,8725,5817,9699,6501,1964,9455,6243,12
931,418,3708,6558,3178,118,2292,8745,6154,2650
8984,6703,2364,6495,870,7248,6804,1159,2175,385
7853,9081,5415,65,8448,6054,75,5842,7345,2540
1597,5341,4101,2661,9020,3445,3844,5747,7834,7935
7475,1649,9161,4950,7284,8247,3331,7629,8876,6484
8877,6297,4702,5418,6896,469,7557,602,9331,4985
2194,8030,3668,4931,7530,6526,4027,763,7201,7458
5535,3292,2812,9624,4020,8575,8774,7987,5246,4404
4233,5846,2087,980,3693,1136,5893,3122,963,4366
6380,1906,2707,1067,9569,9462,3662,9072,8991,1475
448,3778,1698,8360,5328,8659,1517,229,3981,5129
6928,9908,6778,5191,5704,6380,4451,7143,4158,7843
6609,6201,17,8015,3542,2917,3589,6283,630,3515
2541,1141,6158,6659,9682,2841,3807,3022,2392,730
6454,1590,475,4697,4621,8961,7902,6540,6715,9081
2376,6282,40,9431,1477,4555,2209,1474,270,6876
4469,4643,4287,422,8187,5674,7988,9736,4911,9521
7637,767,6281,7225,1408,2991,8273,8195,6463,3219
7441,5524,513,3030,4763,9949,4905,3034,1431,4707
649,7217,7110,2627,5079,5165,8114,1972,7305,3756
669,1288,606,3296,5555,4375,2066,1144,717,9917
6366,5198,9949,5721,4049,2872,7036,2282,5437,6585
4520,9624,7192,2122,3544,5676,6776,7784,4701,2057
7262,7920,6558,5319,9109,1619,1780,7651,2972,1585
5517,8993,7048,5843,6681,4442,7514,383,5323,6457
5339,4907,2562,5954,8143,6860,1635,642,5210,7839
3232,4778,7266,2690,8872,3638,9512,5345,6719,8311
5119,612,3328,4660,4293,9657,9065,7467,1880,3795
4807,4260,1224,4183,9939,9404,8854,8791,7849,4853
1686,5167,8851,5859,3211,4107,1508,9627,4820,355
8770,4205,1882,1925,7792,1964,3427,6458,8985,8512
3069,4061,1500,4727,6883,8225,7550,4614,5196,1408
2288,9925,3542,1121,9729,4332,5671,9235,5367,71
4660,6087,9358,8453,4669,8849,4653,4206,7139,3284
791,6183,7181,6313,8580,8768,9681,6181,6526,8977
3450,8766,6935,1873,3027,4371,1945,856,868,1263
9914,2310,1722,499,9211,6769,2832,7351,4437,8309
9579,8184,5392,4052,9872,2726,487,1472,1072,7792
9734,3757,702,5231,9094,6966,7110,2628,3217,268
1979,3063,8131,9522,3665,14,3333,3873,7008,9542
2621,4941,4773,7300,7138,707,675,6476,4877,396
1829,104,9220,1638,1056,6574,3575,5248,8391,8615
6827,1260,5690,6141,714,9368,9467,2737,6170,5543
7035,9877,5340,9592,4929,8537,9325,7446,65,2697
7632,2122,328,1785,4067,517,2932,5666,9252,5427
736,4543,1821,6487,7713,308,1008,7886,500,1893
3939,5790,274,2024,5022,7718,9209,5498,1614,4313
8859,2979,1105,4805,5948,9649,1028,5722,5338,7530
108,7207,9144,964,8958,8890,8363,1495,6858,9486
2061,5062,7121,2439,1467,7543,5917,4845,5162,5855
4481,341,3270,5052,788,2236,5130,7342,4222,6369
5410,8222,842,3322,2434,2085,1126,6670,9635,5809
4198,1563,3160,9550,8476,8703,7765,2808,7492,7967
5500,5564,9600,3373,9292,3641,3348,2085,1373,8641
611,7539,6977,8142,9505,2988,5703,1634,2385,7903
9841,2082,577,477,7175,8528,6461,5212,938,7821
7857,5409,1291,1643,8709,6255,3234,6785,3260,2150
8000,3917,6660,4978,304,8689,4302,1110,3652,1867
5384,3234,8075,712,5217,2507,8329,3090,9707,6976
1472,3218,7467,7233,5512,4482,3597,9874,4036,3547
9664,5336,7465,1753,6004,7872,9170,3211,1958,7280
2154,8501,8774,8117,7658,5095,933,6102,1350,6496
877,3446,1357,754,8234,3610,4280,8306,5902,9692
8239,9255,9535,6791,8841,3862,2562,9614,2087,148
5544,6971,1598,1868,1390,9568,7855,7527,6121,7781
7805,8734,8835,2739,7437,1729,1970,4351,7413,1830
6399,4850,7782,8274,8884,4713,1777,3412,5183,2729
360,7496,8815,1385,5704,7386,6275,9513,4693,8468
7599,1126,728,9605,9848,840,4026,5803,2529,7720
7934,9247,6356,9403,717,166,7125,2952,2408,3910
4572,2808,3317,5191,3142,7419,8422,5331,8808,2038
8476,3169,8439,1791,9904,7861,9983,1485,5812,9438
6398,2270,6606,3408,5644,5258,6916,3856,6039,7556
2690,3289,2827,3428,4415,3328,6675,3272,4062,1058
3011,4970,690,8334,7085,704,3327,7176,4886,5931
914,5164,4744,1393,5238,8354,2850,3613,5492,1920
500,6871,6703,8442,1674,325,2371,2601,5172,3934
9716,7839,1718,4840,1857,7108,6657,6648,417,2078
5259,228,3448,6138,5861,4637,7040,7673,6851,894
7877,5313,9069,5046,2742,2988,5302,106,6376,4352
817,5210,4952,9430,8924,8102,8904,325,3872,4714
6931,2201,8189,3802,2035,406,4911,3491,9800,8670
2970,4778,5660,9994,2495,1149,3094,6946,8968,5198
6181,5534,333,805,2983,3855,1371,5102,1920,6043
1014,5825,7751,5767,1404,2666,2809,4314,5635,7835
9730,4222,359,473,8423,4484,1852,6155,386,1734
5829,274,358,9655,7440,212,9640,8481,4175,2826
4767,2018,1211,7519,9962,8476,5681,633,1906,6937
4754,5304,8829,7458,6686,8443,6578,3939,8111,7066
2285,463,1705,9494,2420,3294,4329,5827,8980,2116
6363,6390,115,8346,5586,5530,5262,3400,3589,2509
6920,3470,1048,3766,1714,219,8384,5638,5976,4414
4337,7714,8003,4728,3643,188,476,4605,589,8022
2295,3768,6650,7543,4993,5453,8424,7360,4260,2531
732,7971,2016,4269,9706,7084,1228,1647,2055,4363
8541,7490,5128,7957,2986,2699,5697,3088,9716,3608
3875,1660,936,8582,2326,7065,2782,958,8636,5399
9253,5522,5534,347,3889,3479,1996,477,7607,6174
350,4727,2627,5023,5158,9516,7166,9167,9714,5778
7087,7098,5398,3077,481,5353,4569,5586,3176,6080
1730,4990,204,7883,8374,9758,3302,2277,3847,48
1118,5774,9980,1431,2945,9640,3783,346,4006,7650
7767,8921,4409,6819,6754,4511,4561,2151,7086,6479
9462,2764,4088,1612,1051,7243,195,8894,6098,5583
165,6685,869,3635,5924,5217,2360,2197,4990,1036
2819,2544,2909,9215,8470,3723,3247,3119,7382,1667
1265,6972,7386,8786,159,4963,7621,3433,1527,6842
7023,4290,2997,4017,2537,8730,3597,3971,6792,1577
7,5381,6384,3590,3317,7125,7081,8385,5260,2927
4736,9901,3215,1052,2494,2348,1929,6899,3236,6261
263,906,611,2050,5498,4071,6995,2124,375,5278
975,9669,3376,8489,4090,7120,7497,2138,6688,5083
2413,5014,6926,9608,405,4536,9186,7458,7085,5776
3186,5746,7424,8156,7184,114,6410,8866,4907,7297
2349,3439,2003,3896,9685,6032,9884,8119,4706,1893
4180,6912,2958,3517,6142,7866,3566,562,5661,8745
5973,237,9419,8176,9910,407,8056,4371,2221,6642
599,7624,4174,5144,1587,6162,4354,7716,1215,4985
6395,5172,936,9540,9038,2938,3709,9182,6119,3731
3212,5048,5538,501,7650,509,4631,6112,9895,8547
6511,2075,5538,4476,7662,1045,9263,747,9402,2280
1730,3036,2148,4377,6494,2658,4537,4546,9325,745
7533,7075,7744,6902,4056,2784,8070,4545,8799,4817
6272,7487,1013,2584,5475,1541,3244,6606,6448,8282
1797,9862,7558,892,2005,1481,3400,6891,7740,9140
7748,8347,8913,3294,855,8849,557,5621,5034,8458
4315,7592,9134,2522,4565,8229,3368,3727,4614,1393
4788,5537,5711,2831,8602,2293,5861,9957,2464,9363
1958,4939,9011,7268,9877,5109,3529,7605,9107,1878
6878,4332,5398,8018,4132,433,6530,9595,2657,4527
7566,5420,6145,1267,5165,2588,7010,5812,3953,6110
8490,7087,4575,354,1184,7758,4455,4436,5041,3338
9789,4746,9343,9736,9275,9387,7479,6896,6232,6141
6444,7082,7578,36,4268,9915,8571,5233,7623,441
8151,6375,951,2052,206,1456,5581,525,3902,2492
6656,7669,4294,6075,1806,1315,6264,5431,2164,3217
4715,9034,1104,7068,7926,4387,6366,9966,8051,1505
2783,617,3551,1459,5140,8512,820,1365,1466,603
8818,7538,4477,5529,5117,2861,2284,3025,1393,1403
1647,3073,9761,1349,7188,5907,5286,2876,1657,7634
5174,2818,5347,3472,8298,4801,2990,8744,3719,3349
6967,9586,8756,5826,6403,1388,1921,4111,2046,1249
8978,550,548,533,4366,3359,5349,5341,7008,3851
8232,2701,7767,2398,9197,6117,7828,3300,6625,1799
5219,3470,1659,2641,373,6064,3103,6688,6184,7154
7762,8807,564,4086,412,2614,4566,7545,6734,1463
9505,3778,2398,7039,2936,6323,5362,2764,1794,2199
8475,6521,47,6233,5140,7876,5845,5445,3977,4343
3935,3927,9602,4123,1737,3280,9504,7896,7106,2904
951,7157,2422,8510,8043,6762,5428,3577,131,2180
9091,5762,6604,8179,4391,1496,2841,5177,8473,3471
8541,7808,9229,4627,4785,7590,462,3360,4053,4980
6302,3754,1576,941,3125,5051,658,7206,1565,6605
533,1175,2437,8286,4192,2969,3022,9973,1195,1013
6948,6366,4526,8840,3206,5998,1006,8212,8588,3501
6726,3352,9413,494,5207,8252,7043,1121,7328,6788
6742,9740,9722,9638,7794,2110,3553,4640,7877,9487
8584,9788,127,5913,1409,9933,3235,535,8775,7188
2183,9047,4849,3442,7641,486,1420,594,106,4197
1942,7295,8607,586,9908,7944,8244,5648,5596,1243
106,2270,4746,115,4569,8119,4562,8717,9927,277
9399,9016,1830,6010,8024,3426,8279,7732,162,9137
5952,6085,5555,7814,1781,8662,1381,7085,3710,5111
3690,1948,7805,2185,291,6326,9892,5233,5829,7992
8726,4173,9810,4928,4291,1229,8773,728,2117,4920
4711,1917,6675,3570,6984,2840,5596,2673,2828,887
7568,3701,7390,9835,2916,6306,5880,8424,7281,849
940,9368,9149,4307,5736,6381,4312,7973,6304,5896
1543,7983,2974,7617,8099,7827,4248,3486,4302,1806
6992,8157,1881,7132,867,4193,7457,3983,1945,1405
997,8437,5984,6387,8587,3519,7977,6250,869,4180
9409,4096,9508,6871,3538,1992,4475,4448,5516,5932
7014,9532,5113,5540,6410,9418,2740,7280,1830,183
222,3565,6397,489,7110,6977,5736,8740,7672,6667
2346,3500,3829,9838,1406,6834,8274,5228,7631,9594
9284,1966,5972,49,2550,724,8737,6011,3526,4444
7531,4385,8470,6349,9248,8648,2633,6470,6515,7683
5654,4775,293,2535,4753,690,8868,916,6262,1834
2246,4780,2118,3555,6350,4149,5919,7996,6453,645
1099,6461,1271,1257,5385,3570,9016,9537,3807,3303
2644,5521,2149,9752,2435,6346,1345,2154,2513,7913
5474,8227,9778,4359,2945,9109,5562,7691,3433,3594
4731,4484,7970,1131,9538,7540,987,4670,654,7646
5848,5502,9158,5036,7739,8626,3221,9036,8009,6987
3991,5905,6515,3986,2143,7552,5423,6556,6887,6853
3835,5642,2215,784,7068,6900,4011,4933,6813,7212
7743,1976,6508,2009,3212,2727,8599,6304,4697,1855
6908,9062,5664,3582,3454,8168,6578,4976,9683,2415
7284,6725,4622,2859,9369,4884,1542,7060,9304,3887
5062,922,2288,5154,7551,9119,8335,7512,4986,3358
5767,3290,6860,8905,6331,5330,3597,5039,117,251
702,3047,9969,8396,6135,3777,1974,4857,2797,1491
3685,4588,1805,651,5258,3958,8443,6945,1251,2536
9345,4548,9593,7789,8333,9686,3146,9283,3406,8503
5569,5174,6268,548,1502,5432,7149,4694,8485,8497
7049,476,1465,9318,4117,7690,1996,8857,4420,6289
3198,9730,2194,8864,24,1845,7401,3640,7480,5597
1984,9587,67,4847,5031,7842,1061,5130,5181,6117
8609,6337,3608,7510,8779,8346,7291,9884,6865,4084
580,5288,7563,9578,8479,2289,9149,277,1234,175
2055,8921,8736,4870,5760,2351,4065,4140,8335,3353
3379,8061,7826,4363,5237,2382,1363,9060,6329,6549
1182,8551,2955,1757,940,319,7210,6050,5963,5024
5878,7307,6523,4421,344,2895,6556,5200,2708,2756
421,8579,1301,3619,8174,9931,3873,9700,9267,9349
437,4454,1462,8820,6155,6830,7930,5360,9008,9837
4906,4232,9607,6852,8699,7964,6372,2517,6949,6289
2945,9719,9694,2203,6070,5896,7479,2141,9732,7014
9216,5929,6788,3836,5968,3329,905,3736,3358,4138
1213,8316,4311,6076,3775,676,4862,1205,8375,2621
8001,9423,6636,9006,2986,2932,6330,8999,844,9112
7626,4249,8124,5890,4734,3699,5676,1649,1407,7308
7901,2442,8072,9588,387,9222,9158,1297,7449,6633
1318,261,6095,9075,5750,9611,5050,7550,2373,6971
4360,6401,6867,6241,7011,7887,4441,6940,222,6562
9548,3116,7734,9404,4711,4524,9416,5337,8623,2642
9588,6795,3153,8815,9340,992,6230,9342,3681,2873
8812,1949,2609,8809,7506,4454,6704,2447,2822,6410
143,8481,6895,520,6206,527,7184,8658,5090,9059
404,7648,3363,2773,8158,2771,3234,6768,4881,2389
1698,9850,6752,3822,1430,718,2098,603,4666,4754
7582,8204,3690,7510,9213,9546,352,1745,3857,3035
780,7705,6552,1362,2967,4366,5491,5754,384,1437
5219,94,4682,9287,5098,6788,8913,8533,6959,9697
8245,5821,3914,6934,8708,3140,9918,5189,8184,6768
1845,5021,6061,5358,8085,6370,239,6,9959,776
1400,3505,3550,1610,626,9085,2103,7356,1408,8887
1286,5068,5220,6266,8223,7806,3735,4356,3313,8511
1563,2497,5075,2735,10000,6048,6327,2079,1263,1412
748,4614,6061,2018,9111,1498,5157,8612,8872,7978
3324,1255,9435,8862,7525,4037,8279,7430,8319,4883
8169,8553,8039,9089,9844,9342,8778,5428,5982,7811
4090,6418,7612,1005,828,3607,7928,2973,4445,8
3538,3820,5740,4816,6933,3193,2184,7049,4387,5316
6951,9657,6484,3509,6466,2020,1909,1525,4971,6301
9509,401,6256,2549,6655,3763,5781,6299,8630,1143
674,5188,2103,8269,5106,9827,6501,1777,2523,2866
1158,4695,3560,7063,2983,9444,8725,7551,7723,5870
1909,6480,7952,2828,8127,2622,5493,6702,57,9120
8629,5691,7205,8027,6462,9017,7144,4573,5286,2180
2043,5301,5913,3609,6598,7677,801,1631,5197,1770
7186,621,2290,9763,6006,3150,638,1434,9378,3067
6609,1862,1540,4992,2813,8047,8979,3247,3944,9315
534,3429,2980,8354,3161,3813,4146,8156,3357,8944
6213,6272,2239,7395,6833,404,4094,829,4487,5347
8819,5524,7201,5589,9629,4756,4322,9130,9319,1252
7148,3556,7071,2097,11,4693,9092,4581,603,3462
5494,4319,7003,9450,6943,3362,7124,5436,8355,684
4396,9831,6372,8785,3497,1169,8142,7561,6311,419
8510,1769,1655,664,6294,4342,5616,1234,9153,1643
4946,9527,9026,4390,9558,9403,4236,3775,5728,7438
284,3042,256,1354,5650,2150,9766,4551,9604,9398
9432,9395,5118,65,772,891,3798,8247,3328,4485
8640,5920,9653,1766,3021,56,941,2402,9155,5454
7535,7605,4686,9840,600,1362,7933,1003,1968,6907
5909,2467,7898,6347,6883,5818,1950,6497,663,2204
6015,4194,8346,8354,4106,6182,7231,248,8545,609
2634,2821,4105,1810,2229,4086,1474,9598,365,9620
4302,4759,5901,1037,9758,2181,6394,9343,4945,9869
4143,9709,1657,382,6510,9294,2280,7220,1685,8833
4929,8968,168,2875,1034,7796,4752,8725,4215,2376
3697,4924,2356,8378,2700,3896,9126,4008,149,3099
8166,2910,8628,5751,780,6906,7429,7030,2443,4828
1570,4069,132,8963,3750,7257,6954,310,8256,802
3744,4786,4665,6694,7183,4754,496,6479,9507,6298
4644,2961,7237,8226,9264,7787,1191,1466,3032,2248
2949,8516,4596,3375,4071,7014,3602,1823,365,5250
8595,882,297,2420,8660,6264,1291,9391,4017,3456
7511,6715,6497,7418,1903,8703,2655,9796,8497,8665
4443,3874,1132,1139,1499,7497,5816,6716,770,7781
3441,3215,7886,9033,6899,4428,6902,1156,8098,3507
4513,2025,3899,3690,3203,1240,8871,4236,3263,2245
1469,5589,2538,2865,1919,2047,7534,1999,7219,1575
2449,3983,2078,5774,2363,7014,5651,3991,7198,9576
5255,4436,7737,3393,906,4324,2307,3805,5953,9269
6916,3232,9182,5380,6252,3748,1641,1287,1531,6780
852,6976,5040,3575,9941,7399,3822,8536,4727,4215
6276,835,9614,9370,6724,6545,3415,6083,581,6804
3943,4066,9698,4588,5483,7380,5891,5060,4817,3817
8429,7480,1827,4801,1850,7889,6218,1423,2,2852
8731,1940,2487,4842,9072,5448,2089,1959,5989,4949
7900,4881,4064,7008,8789,9180,7782,7734,7315,3893
5850,310,4782,3685,9443,6842,793,5701,7596,9192
880,4168,9944,9258,7289,1231,25,2390,7812,8709
3277,4495,1872,8385,7220,4780,3511,2649,8713,444
2868,2154,7246,2359,4411,9773,2168,7561,6207,9103
4333,6330,6728,8601,628,5582,9922,3701,9643,9116
972,1004,7212,3516,9480,2897,5840,2764,5214,9607
1394,4583,5362,9716,1296,5526,6981,7879,8297,4093
9801,3877,7052,4240,2492,346,5356,3617,2869,3203
1219,3685,5169,6091,4190,3169,6918,1362,7968,8023
4355,2198,9464,7781,2962,7195,9238,8606,35,1055
6314,3333,3780,5968,7474,7505,4539,6482,541,1787
3909,6438,4693,7408,8766,6314,8379,3727,6388,6803
3301,7165,8740,5196,2231,64,626,1867,3797,1968
4723,1725,9574,3622,9818,5674,7880,6343,5169,8964
7652,915,948,1083,4877,6828,7747,2519,8564,1155
706,1930,9290,3655,9460,5108,1015,4856,1352,6524
4167,805,1036,2768,7098,7700,9767,5564,4628,9015
4459,5808,3042,677,253,1177,6704,5630,4904,5591
6846,9674,5422,24,9847,4830,2130,9506,2842,5398
3615,1864,8038,936,4476,3685,4707,1139,748,6746
5963,6105,733,4902,3180,6776,4074,3255,3303,6546
6032,229,8935,8530,5651,2189,4501,6065,9036,2981
4643,1002,5133,759,5652,9995,7321,9034,8623,805
4372,8570,3094,8329,5734,1579,5752,2904,8234,744
4873,5679,6580,9591,480,9041,7600,4431,5816,2701
3501,1839,2813,9112,9798,9688,2127,8363,3177,4711
7972,1592,7798,1823,5612,5840,6871,8556,8748,2333
4963,5940,3772,6955,9130,5428,2427,8076,7462,3007
3744,8473,7484,2831,160,5773,889,3766,2547,8540
6431,3130,1785,110,3336,9361,9605,1965,7919,4497
2207,6308,6183,4051,9758,9144,2492,9591,5135,8925
6575,5805,6879,8638,3125,7744,6234,5233,4631,9887
1425,15,6779,3271,807,5900,6527,5819,3839,969
2565,2564,622,4346,6949,9864,1564,4858,4640,6898
617,578,3053,4564,7699,827,6414,9616,6336,3098
5991,3424,111,2215,8929,5760,7604,2531,6591,8037
9906,1386,4701,5611,7590,8297,8005,9314,5382,7405
3134,4669,2041,5522,4364,809,2605,1256,4328,7388
3204,9220,4634,7682,3561,1159,282,8787,8440,78
8620,9624,9689,3346,1558,5771,8245,3495,6316,5313
737,1650,6977,7541,9318,2507,4155,1091,2854,575
9593,6602,4125,9421,2861,7578,4380,1548,9719,5641
5349,2588,1233,2455,2066,9380,52,2575,8713,6459
5046,6005,1366,8877,5400,7861,2351,3666,1831,1608
4300,9712,1652,7559,8930,3017,7725,8649,9132,5200
3213,5365,2734,5678,4254,5926,3198,5618,3288,5755
5280,5290,9042,7038,6441,6941,6690,2676,7515,9052
523,2217,508,6914,236,4720,8321,5856,6452,3061
5513,4347,1165,8060,3302,5603,710,9262,4707,9921
3904,9482,2460,3553,9126,2204,2586,7241,743,2993
8046,8186,5248,5737,414,2932,7087,4532,1835,6288
6469,7167,9094,3457,5720,6878,2373,5419,1557,8464
4653,8040,5263,6805,4514,4656,6237,8691,1562,4616
8463,725,2733,3464,6303,7680,4528,7730,8942,3384
7161,965,9171,4993,8955,1294,9270,1527,136,9374
8757,7422,5412,3298,9081,1263,8746,1307,4281,5455
9543,6348,604,5509,6031,5269,2589,5409,5690,1775
6799,980,6035,8295,4276,9262,8071,5213,183,1006
1966,5420,6312,92,3137,5712,4688,7508,716,9356
3779,7554,8691,3176,6310,4046,5946,9467,2921,179
8165,2784,3341,6898,9299,5483,3376,419,580,6175
9106,1328,6582,9236,9621,6787,3618,4266,6472,2594
3707,8673,5198,8157,2408,7705,3243,4974,8129,3702
5806,9125,2502,4285,5219,97,4057,521,1945,4620
2764,8030,9673,3000,800,3710,5599,7859,3244,8091
2653,1296,6907,5164,7167,9981,855,9327,4081,8008
582,8081,2236,2290,5210,3060,3719,1506,2080,9101
4907,4221,3635,2683,6811,4680,2073,1212,6725,2184
8053,4346,7959,8110,5043,7941,774,2099,9755,2374
6911,352,9464,6747,5045,2591,6689,711,1611,1598
4613,2120,897,488,9649,9008,1447,8700,6749,6028
643,6993,2739,4043,5448,8717,4635,6387,7571,6622
8266,683,3562,8852,3703,3319,6277,3981,7444,6839
1269,5901,1831,506,7138,420,7980,3280,2809,1427
7777,2000,2300,4757,3690,8477,3918,7198,9395,4387
6836,732,3227,1663,2115,5779,469,2184,3292,6024
5112,8283,3814,4450,2378,1674,3148,1939,177,596
2580,145,8620,1339,9464,763,9194,936,5001,18
6542,4597,3840,446,4404,546,7341,6592,3180,1801
2424,1772,8377,8935,7654,1862,5149,7190,6027,2034
1115,5035,2325,9551,6001,8594,3266,9725,3679,8018
6434,3261,1588,7717,3026,2910,3329,7873,6228,6970
6664,7736,7631,4733,5286,324,7929,2449,4465,3928
682,9795,4681,2014,4620,4578,7442,3726,6169,3033
2901,2325,2359,4613,6512,7168,9278,5360,7981,4810
5913,2458,6676,5871,4944,5487,8679,9675,6963,8245
6068,7559,215,9046,7783,2356,6002,8075,149,6834
2469,3907,3345,3381,5763,2353,8983,6378,1371,2826
8280,5233,1522,1848,9559,3588,4262,5024,908,5268
4186,5402,266,5306,7985,5358,3262,8042,7541,9264
5421,3619,7381,4920,6486,7758,660,6629,5774,8517
5453,1639,3002,5038,6754,732,907,3489,1213,2836
4615,7094,7954,2346,5020,6992,3142,6194,4514,7913
8848,7655,6687,8770,6037,739,6134,1596,9067,9316
9260,3357,3707,5320,3258,2937,1661,879,266,8233
8257,763,1913,587,8422,45,1757,7140,2558,5118
3324,8526,9682,962,7711,3654,5207,1765,5673,8577
4994,3263,8170,8505,214,1773,7727,3643,6871,2746
3852,7995,3514,3397,939,2839,3280,2192,8680,9408
8060,3252,6029,8731,7471,6087,2265,5583,940,4721
8323,3866,3804,7386,8168,8153,919,3555,2398,8420
9937,467,3211,7027,17,8322,6743,4952,8242,4628
7657,3806,2325,3913,8717,5422,87,5509,6185,8067
1933,9222,2950,8714,9593,82,6355,8003,9519,9770
1057,8715,4898,5268,1319,7711,7307,523,9453,5276
4891,5112,5029,2367,7550,8574,728,5995,1763,7237
